  300.00000000000000,   500.00000000000000,   500.00000000000000,   500.00000000000000,   500.00000000000000,   500.00000000000000,   500.00000000000000,   500.00000000000000,   500.00000000000000,   500.00000000000000,   500.00000000000000,   500.00000000000000,   500.00000000000000,   500.00000000000000,   500.00000000000000,   500.00000000000000,   500.00000000000000,   500.00000000000000,   500.00000000000000,   500.00000000000000,   500.00000000000000,   500.00000000000000,   500.00000000000000,   500.00000000000000,   500.00000000000000,   500.00000000000000,   500.00000000000000,   500.00000000000000,   500.00000000000000,   500.00000000000000,   500.00000000000000,   500.00000000000000,   500.00000000000000,   500.00000000000000,   500.00000000000000,   500.00000000000000,   500.00000000000000,   500.00000000000000,   500.00000000000000,   500.00000000000000,   500.00000000000000,   500.00000000000000,   500.00000000000000,   500.00000000000000,   500.00000000000000,   500.00000000000000,   500.00000000000000,   500.00000000000000,   500.00000000000000,   500.00000000000000,   500.00000000000000,   500.00000000000000,   500.00000000000000,   500.00000000000000,   500.00000000000000,   500.00000000000000,   500.00000000000000,   500.00000000000000,   500.00000000000000,   500.00000000000000,   500.00000000000000, 
  300.00000000000000,   399.99999999999994,   439.53026635709961,   458.12106542839950,   468.29815323798425,   474.56924447788197,   478.78428473939880,   481.80168678894410,   484.06426577731082,   485.82114710488747,   487.22256897223167,   488.36430626320646,   489.31020905100115,   490.10442872292691,   490.77843211145114,   491.35521931004553,   491.85196299648277,   492.28171711543138,   492.65455590992360,   492.97835268869545,   493.25932410699198,   493.50241786885749,   493.71159342927098,   493.89002800608631,   494.04026940146611,   494.16435019790850,   494.26387334250546,   494.34007607846308,   494.39387708509872,   494.42591020923487,   494.43654709570581,   494.42591020923504,   494.39387708509884,   494.34007607846303,   494.26387334250546,   494.16435019790879,   494.04026940146639,   493.89002800608625,   493.71159342927149,   493.50241786885795,   493.25932410699238,   492.97835268869602,   492.65455590992389,   492.28171711543160,   491.85196299648288,   491.35521931004604,   490.77843211145165,   490.10442872292748,   489.31020905100149,   488.36430626320663,   487.22256897223195,   485.82114710488793,   484.06426577731122,   481.80168678894432,   478.78428473939925,   474.56924447788242,   468.29815323798431,   458.12106542839933,   439.53026635709983,   399.99999999999994,   300.00000000000000, 
  300.00000000000000,   360.46973364289988,   399.99999999999949,   424.65584211851325,   440.50230304565582,   451.19453993414464,   458.76620769076970,   464.35819663906608,   468.63422921541189,   471.99775367000746,   474.70482252083303,   476.92444702959256,   478.77210121787112,   480.32907372925621,   481.65408041283217,   482.79048213224837,   483.77091556045383,   484.62034955531948,   485.35815383556763,   485.99953073786639,   486.55652587041550,   487.03875393916690,   487.45392784214079,   487.80824919360737,   488.10669940187012,   488.35325804766262,   488.55106709364998,   488.70255388624815,   488.80952205269671,   488.87321665613541,   488.89436796435211,   488.87321665613553,   488.80952205269671,   488.70255388624821,   488.55106709365015,   488.35325804766296,   488.10669940187063,   487.80824919360794,   487.45392784214113,   487.03875393916752,   486.55652587041612,   485.99953073786702,   485.35815383556832,   484.62034955532022,   483.77091556045457,   482.79048213224934,   481.65408041283314,   480.32907372925695,   478.77210121787169,   476.92444702959352,   474.70482252083377,   471.99775367000831,   468.63422921541240,   464.35819663906676,   458.76620769077050,   451.19453993414533,   440.50230304565639,   424.65584211851376,   399.99999999999983,   360.46973364289988,   300.00000000000000, 
  300.00000000000000,   341.87893457159993,   375.34415788148522,   399.99999999999903,   417.86067689198097,   430.94040452227154,   440.72780945046918,   448.23066286113874,   454.11670077526304,   458.83081583889697,   462.67452041150034,   465.85655811646006,   468.52467506163430,   470.78568456339445,   472.71833367837331,   474.38171324566235,   475.82086755776453,   477.07061170982502,   478.15817913916106,   479.10509055678699,   479.92849469763706,   480.64214417525488,   481.25711480651717,   481.78234152433265,   482.22502096474466,   482.59091549722200,   482.88458309818429,   483.10955032018308,   483.26844058330414,   483.36306639825818,   483.39449144943217,   483.36306639825835,   483.26844058330425,   483.10955032018308,   482.88458309818452,   482.59091549722234,   482.22502096474511,   481.78234152433350,   481.25711480651825,   480.64214417525562,   479.92849469763780,   479.10509055678801,   478.15817913916214,   477.07061170982627,   475.82086755776584,   474.38171324566355,   472.71833367837451,   470.78568456339582,   468.52467506163566,   465.85655811646149,   462.67452041150136,   458.83081583889822,   454.11670077526412,   448.23066286113976,   440.72780945046998,   430.94040452227222,   417.86067689198200,   399.99999999999960,   375.34415788148556,   341.87893457159993,   300.00000000000000, 
  300.00000000000000,   331.70184676201484,   359.49769695434225,   382.13932310801613,   399.99999999999824,   413.97859181249095,   424.97396272769657,   433.71994457975683,   440.77109518560491,   446.53428849881720,   451.30588516981106,   455.30258996311341,   458.68435634881189,   461.57065578431423,   464.05185649160370,   466.19716961426366,   468.06022971511715,   469.68305058705522,   471.09886045446495,   472.33415765248384,   473.41021818809088,   474.34421325769790,   475.15004568434091,   475.83898113246107,   476.42012743555352,   476.90079987829665,   477.28679948168229,   477.58262371299514,   477.79162356207883,   477.91611690416130,   477.95746503686030,   477.91611690416147,   477.79162356207894,   477.58262371299548,   477.28679948168258,   476.90079987829694,   476.42012743555426,   475.83898113246221,   475.15004568434205,   474.34421325769875,   473.41021818809196,   472.33415765248498,   471.09886045446592,   469.68305058705664,   468.06022971511862,   466.19716961426514,   464.05185649160541,   461.57065578431565,   458.68435634881348,   455.30258996311500,   451.30588516981265,   446.53428849881880,   440.77109518560638,   433.71994457975802,   424.97396272769788,   413.97859181249197,   399.99999999999932,   382.13932310801704,   359.49769695434276,   331.70184676201495,   300.00000000000000, 
  300.00000000000000,   325.43075552211684,   348.80546006585320,   369.05959547772528,   386.02140818750479,   399.99999999999761,   411.46950506806962,   420.90405754458732,   428.71344688858221,   435.22935780095571,   440.71214180581313,   445.36356021737100,   449.33950458618580,   452.76072573344669,   455.72126688946400,   458.29487900467126,   460.53983110138478,   462.50250046881405,   464.22005443915879,   465.72246141059219,   467.03400714454455,   468.17444498310454,   469.15987354068784,   470.00340988561777,   470.71570776671194,   471.30535709872856,   471.77919123725269,   472.14252148803695,   472.39931304785438,   472.55231261944840,   472.60313488968620,   472.55231261944886,   472.39931304785489,   472.14252148803740,   471.77919123725314,   471.30535709872925,   470.71570776671297,   470.00340988561908,   469.15987354068920,   468.17444498310584,   467.03400714454591,   465.72246141059372,   464.22005443916038,   462.50250046881570,   460.53983110138677,   458.29487900467308,   455.72126688946605,   452.76072573344857,   449.33950458618767,   445.36356021737282,   440.71214180581501,   435.22935780095793,   428.71344688858397,   420.90405754458868,   411.46950506807076,   399.99999999999875,   386.02140818750604,   369.05959547772625,   348.80546006585365,   325.43075552211707,   300.00000000000000, 
  300.00000000000000,   321.21571526059995,   341.23379230922774,   359.27219054952735,   375.02603727229882,   388.53049493192469,   399.99999999999670,   409.71333364193993,   417.94927702318103,   424.95755401061098,   430.94976403511413,   436.10000451437168,   440.54937604511389,   444.41147567382239,   447.77760632813414,   450.72124841357288,   453.30171521693745,   455.56706574765701,   457.55639542276390,   459.30162640618227,   460.82890399639047,   462.15968598948791,   463.31159360968803,   464.29907710261062,   465.13393664694797,   465.82572951265240,   466.38208688056318,   466.80895795404581,   467.11079452185339,   467.29068563609235,   467.35044928298760,   467.29068563609252,   467.11079452185413,   466.80895795404672,   466.38208688056392,   465.82572951265325,   465.13393664694917,   464.29907710261210,   463.31159360968945,   462.15968598948933,   460.82890399639217,   459.30162640618408,   457.55639542276589,   455.56706574765906,   453.30171521693967,   450.72124841357532,   447.77760632813681,   444.41147567382478,   440.54937604511605,   436.10000451437406,   430.94976403511657,   424.95755401061331,   417.94927702318307,   409.71333364194180,   399.99999999999807,   388.53049493192611,   375.02603727229985,   359.27219054952815,   341.23379230922853,   321.21571526060018,   300.00000000000000, 
  300.00000000000000,   318.19831321105454,   335.64180336093125,   351.76933713885705,   366.28005542023789,   379.09594245540620,   390.28666635805217,   399.99999999999551,   408.41277355159093,   415.70181718319265,   422.02935580966113,   427.53731775988763,   432.34651940607529,   436.55819458859537,   440.25643433567745,   443.51079310454878,   446.37871560513508,   448.90765188211230,   451.13683509805799,   453.09874479498302,   454.82029644534737,   456.32380136876895,   457.62773780596581,   458.74736826818867,   459.69523220581738,   460.48153742436972,   461.11446881830193,   461.60042892573006,   461.94422144942092,   462.14918612007955,   462.21729097007943,   462.14918612007955,   461.94422144942143,   461.60042892573080,   461.11446881830261,   460.48153742437057,   459.69523220581874,   458.74736826819026,   457.62773780596757,   456.32380136877049,   454.82029644534913,   453.09874479498507,   451.13683509806020,   448.90765188211475,   446.37871560513770,   443.51079310455191,   440.25643433568047,   436.55819458859810,   432.34651940607802,   427.53731775989053,   422.02935580966391,   415.70181718319503,   408.41277355159326,   399.99999999999750,   390.28666635805405,   379.09594245540796,   366.28005542023931,   351.76933713885819,   335.64180336093187,   318.19831321105494,   300.00000000000000, 
  300.00000000000000,   315.93573422268776,   331.36577078458521,   345.88329922473241,   359.22890481438924,   371.28655311141040,   382.05072297681028,   391.58722644839895,   399.99999999999426,   407.40758536090743,   413.92852426045073,   419.67339130944259,   424.74118923070421,   429.21834893880623,   433.17914332143170,   436.68677406381022,   439.79470221694163,   442.54799107759931,   444.98454829237278,   447.13622123034503,   449.02973562124663,   450.68748523427405,   452.12818797721798,   453.36742595836103,   454.41808648376337,   455.29071916070660,   455.99382204254505,   456.53406748115185,   456.91647623002035,   457.14454642472526,   457.22034235717092,   457.14454642472555,   456.91647623002092,   456.53406748115276,   455.99382204254584,   455.29071916070774,   454.41808648376468,   453.36742595836273,   452.12818797722014,   450.68748523427587,   449.02973562124862,   447.13622123034730,   444.98454829237517,   442.54799107760198,   439.79470221694442,   436.68677406381352,   433.17914332143499,   429.21834893880941,   424.74118923070728,   419.67339130944572,   413.92852426045346,   407.40758536091033,   399.99999999999687,   391.58722644840140,   382.05072297681227,   371.28655311141210,   359.22890481439072,   345.88329922473338,   331.36577078458572,   315.93573422268787,   300.00000000000000, 
  300.00000000000000,   314.17885289511105,   328.00224632998936,   341.16918416109792,   353.46571150117626,   364.77064219903622,   375.04244598937925,   384.29818281679604,   392.59241463907972,   399.99999999999324,   406.60376456179097,   412.48653398672849,   417.72649726849238,   422.39486861449410,   426.55501594743271,   430.26245761231905,   433.56532812122197,   436.50506191897045,   439.11714576348908,   441.43185621277763,   443.47493957502013,   445.26821596986235,   446.83010291027210,   448.17606110427386,   449.31896861016810,   450.26943069214872,   451.03603271001964,   451.62554272631246,   452.04306956478331,   452.29218099163069,   452.37498560915418,   452.29218099163074,   452.04306956478405,   451.62554272631309,   451.03603271002044,   450.26943069214997,   449.31896861016946,   448.17606110427579,   446.83010291027415,   445.26821596986451,   443.47493957502252,   441.43185621278019,   439.11714576349152,   436.50506191897341,   433.56532812122521,   430.26245761232241,   426.55501594743623,   422.39486861449734,   417.72649726849551,   412.48653398673184,   406.60376456179404,   399.99999999999596,   392.59241463908251,   384.29818281679889,   375.04244598938186,   364.77064219903809,   353.46571150117791,   341.16918416109928,   328.00224632999021,   314.17885289511122,   300.00000000000000, 
  300.00000000000000,   312.77743102776640,   325.29517747916339,   337.32547958849420,   348.69411483018166,   359.28785819417800,   369.05023596487524,   377.97064419032665,   386.07147573953574,   393.39623543819386,   399.99999999999181,   405.94248280718836,   411.28339724204244,   416.07961230324486,   420.38359424148632,   424.24271231681172,   427.69909073665667,   430.78978271357170,   433.54711662983459,   435.99911828225680,   438.16995049619521,   440.08033615988307,   441.74794658973411,   443.18774693829431,   444.41229616048690,   445.43200228770098,   446.25533537907211,   446.88900114929493,   447.33807831117031,   447.60612236785954,   447.69523809618443,   447.60612236785965,   447.33807831117099,   446.88900114929572,   446.25533537907324,   445.43200228770246,   444.41229616048855,   443.18774693829630,   441.74794658973650,   440.08033615988563,   438.16995049619771,   435.99911828225936,   433.54711662983726,   430.78978271357477,   427.69909073666020,   424.24271231681519,   420.38359424149007,   416.07961230324855,   411.28339724204591,   405.94248280719177,   399.99999999999523,   393.39623543819732,   386.07147573953876,   377.97064419032955,   369.05023596487791,   359.28785819418022,   348.69411483018376,   337.32547958849580,   325.29517747916452,   312.77743102776697,   300.00000000000000, 
  300.00000000000000,   311.63569373679155,   323.07555297040352,   334.14344188353402,   344.69741003687841,   354.63643978261922,   363.89999548561684,   372.46268224009918,   380.32660869054268,   387.51346601325520,   394.05751719279425,   399.99999999999062,   405.38499658924496,   410.25658911495685,   414.65703639845583,   418.62570667678489,   422.19853979502176,   425.40786156882479,   428.28241976002124,   430.84754979021909,   433.12540796762039,   435.13523158374073,   436.89360035048691,   438.41468389868197,   439.71046680578422,   440.79094691909626,   441.66430536927294,   442.33704818062478,   442.81412016274385,   443.09899207245223,   443.19372203986381,   443.09899207245280,   442.81412016274464,   442.33704818062586,   441.66430536927396,   440.79094691909756,   439.71046680578587,   438.41468389868430,   436.89360035048935,   435.13523158374340,   433.12540796762323,   430.84754979022222,   428.28241976002442,   425.40786156882797,   422.19853979502511,   418.62570667678881,   414.65703639845981,   410.25658911496123,   405.38499658924883,   399.99999999999449,   394.05751719279789,   387.51346601325895,   380.32660869054592,   372.46268224010225,   363.89999548561980,   354.63643978262172,   344.69741003688068,   334.14344188353533,   323.07555297040449,   311.63569373679195,   300.00000000000000, 
  300.00000000000000,   310.68979094899669,   321.22789878212467,   331.47532493835917,   341.31564365117976,   350.66049541380391,   359.45062395487423,   367.65348059391113,   375.25881076928056,   382.27350273149068,   388.71660275793874,   394.61500341073508,   399.99999999998943,   404.90471116888261,   409.36225556059571,   413.40453819685069,   417.06150019782012,   420.36070400668439,   423.32715105120644,   425.98325315097850,   428.34890000032652,   430.44158185697239,   432.27653932979115,   433.86692150016290,   435.22394024487176,   436.35701321362677,   437.27389099829844,   437.98076604118808,   438.48236208672796,   438.78200371934236,   438.88166591836620,   438.78200371934287,   438.48236208672881,   437.98076604118910,   437.27389099829958,   436.35701321362814,   435.22394024487363,   433.86692150016529,   432.27653932979376,   430.44158185697535,   428.34890000032959,   425.98325315098168,   423.32715105121019,   420.36070400668820,   417.06150019782393,   413.40453819685496,   409.36225556059958,   404.90471116888665,   399.99999999999358,   394.61500341073946,   388.71660275794312,   382.27350273149455,   375.25881076928403,   367.65348059391431,   359.45062395487702,   350.66049541380619,   341.31564365118174,   331.47532493836104,   321.22789878212586,   310.68979094899714,   300.00000000000000, 
  300.00000000000000,   309.89557127707053,   319.67092627073930,   329.21431543659867,   338.42934421567696,   347.23927426654251,   355.58852432616476,   363.44180541138991,   370.78165106117751,   377.60513138548799,   383.92038769673553,   389.74341088502200,   395.09528883109544,   399.99999999998840,   404.48273647819349,   408.56869035220205,   412.28221879272377,   415.64630320888608,   418.68222728714198,   421.40941176216165,   423.84535702573510,   426.00565651403110,   427.90405361154325,   429.55252252730651,   430.96135945991290,   432.13927469224109,   433.09347936910586,   433.82976289910169,   434.35255842363784,   434.66499479982326,   434.76893419491552,   434.66499479982377,   434.35255842363870,   433.82976289910249,   433.09347936910717,   432.13927469224279,   430.96135945991500,   429.55252252730901,   427.90405361154609,   426.00565651403417,   423.84535702573851,   421.40941176216535,   418.68222728714557,   415.64630320889029,   412.28221879272797,   408.56869035220637,   404.48273647819758,   399.99999999999272,   395.09528883109971,   389.74341088502638,   383.92038769673962,   377.60513138549209,   370.78165106118104,   363.44180541139366,   355.58852432616806,   347.23927426654535,   338.42934421567929,   329.21431543660049,   319.67092627074021,   309.89557127707110,   300.00000000000000, 
  300.00000000000000,   309.22156788854625,   318.34591958716283,   327.28166632161970,   335.94814350838686,   344.27873311052474,   352.22239367185222,   359.74356566430697,   366.82085667855102,   373.44498405254831,   379.61640575849344,   385.34296360152217,   390.63774443938127,   395.51726352178230,   399.99999999998744,   404.10526794104055,   407.85238141198698,   411.26006274899515,   414.34604312631319,   417.12680958479194,   419.61745982642134,   421.83163356187396,   423.78149607504395,   425.47775553760755,   426.92970037523241,   428.14524672631853,   429.13098888678178,   429.89224776247460,   430.43311390889869,   430.75648286139756,   430.86408126164940,   430.75648286139807,   430.43311390889966,   429.89224776247596,   429.13098888678360,   428.14524672632052,   426.92970037523480,   425.47775553761016,   423.78149607504713,   421.83163356187708,   419.61745982642458,   417.12680958479547,   414.34604312631734,   411.26006274899953,   407.85238141199142,   404.10526794104510,   399.99999999999176,   395.51726352178696,   390.63774443938598,   385.34296360152678,   379.61640575849754,   373.44498405255268,   366.82085667855529,   359.74356566431095,   352.22239367185568,   344.27873311052775,   335.94814350838948,   327.28166632162151,   318.34591958716408,   309.22156788854693,   300.00000000000000, 
  300.00000000000000,   308.64478068995186,   317.20951786774617,   325.61828675432997,   333.80283038572662,   341.70512099531697,   349.27875158641308,   356.48920689543513,   363.31322593617193,   369.73754238766134,   375.75728768316708,   381.37429332319249,   386.59546180312532,   391.43130964777254,   395.89473205893285,   399.99999999998613,   403.76197616518812,   407.19552324879459,   410.31507288432437,   413.13432362427130,   415.66603913328402,   417.92192183199938,   419.91254158915154,   421.64730317284710,   423.13443977709039,   424.38102295101930,   425.39298168922869,   426.17512535511651,   426.73116658808488,   427.06374147521973,   427.17442512888579,   427.06374147522018,   426.73116658808556,   426.17512535511793,   425.39298168923062,   424.38102295102141,   423.13443977709329,   421.64730317285012,   419.91254158915473,   417.92192183200279,   415.66603913328771,   413.13432362427505,   410.31507288432857,   407.19552324879902,   403.76197616519289,   399.99999999999079,   395.89473205893751,   391.43130964777748,   386.59546180312998,   381.37429332319692,   375.75728768317168,   369.73754238766583,   363.31322593617614,   356.48920689543905,   349.27875158641643,   341.70512099531993,   333.80283038572924,   325.61828675433202,   317.20951786774771,   308.64478068995243,   300.00000000000000, 
  300.00000000000000,   308.14803700351467,   316.22908443954077,   324.17913244222757,   331.93977028487291,   339.46016889860272,   346.69828478304817,   353.62128439484837,   360.20529778304001,   366.43467187875785,   372.30090926332144,   377.80146020495499,   382.93849980215498,   387.71778120724991,   392.14761858798545,   396.23802383478318,   399.99999999998516,   403.44498119667077,   406.58440153791884,   409.42937289468409,   411.99045125044438,   414.27747304368808,   416.29944527671574,   418.06447578753910,   419.57973260926326,   420.85142361143954,   421.88478956399734,   422.68410538067820,   423.25268561310395,   423.59289132251041,   423.70613630345434,   423.59289132251081,   423.25268561310486,   422.68410538067968,   421.88478956399933,   420.85142361144187,   419.57973260926622,   418.06447578754256,   416.29944527671921,   414.27747304369183,   411.99045125044859,   409.42937289468807,   406.58440153792350,   403.44498119667531,   399.99999999998988,   396.23802383478801,   392.14761858799022,   387.71778120725480,   382.93849980216009,   377.80146020496005,   372.30090926332622,   366.43467187876252,   360.20529778304427,   353.62128439485247,   346.69828478305169,   339.46016889860596,   331.93977028487552,   324.17913244222979,   316.22908443954236,   308.14803700351536,   300.00000000000000, 
  300.00000000000000,   307.71828288456578,   315.37965044467501,   322.92938829016708,   330.31694941293472,   337.49749953117328,   344.43293425232821,   351.09234811787059,   357.45200892238165,   363.49493808100880,   369.21021728640568,   374.59213843115128,   379.63929599329003,   384.35369679108652,   388.73993725097620,   392.80447675117574,   396.55501880329876,   399.99999999998425,   403.14817917599731,   406.00831516610202,   408.58891993012230,   410.89807381559302,   412.94329068648426,   414.73142209133078,   416.26859126098401,   417.56014932147860,   418.61064757464311,   419.42382099049468,   420.00257916114242,   420.34900189826362,   420.46433743991014,   420.34900189826419,   420.00257916114390,   419.42382099049672,   418.61064757464550,   417.56014932148111,   416.26859126098697,   414.73142209133437,   412.94329068648767,   410.89807381559655,   408.58891993012622,   406.00831516610612,   403.14817917600175,   399.99999999998903,   396.55501880330354,   392.80447675118069,   388.73993725098120,   384.35369679109169,   379.63929599329532,   374.59213843115657,   369.21021728641091,   363.49493808101357,   357.45200892238637,   351.09234811787474,   344.43293425233190,   337.49749953117663,   330.31694941293705,   322.92938829016913,   315.37965044467666,   307.71828288456663,   300.00000000000000, 
  300.00000000000000,   307.34544409007350,   314.64184616442674,   321.84182086083075,   328.90113954552470,   335.77994556082820,   342.44360457722064,   348.86316490192445,   355.01545170760750,   360.88285423648978,   366.45288337014222,   371.71758023995409,   376.67284894876707,   381.31777271283022,   385.65395687365753,   389.68492711564505,   393.41559846204939,   396.85182082397029,   399.99999999998352,   402.86678866360455,   405.45883948834961,   407.78261160207666,   409.84422156229721,   411.64933063031617,   413.20306102186339,   414.50993483884753,   415.57383042260233,   416.39795184551519,   416.98480814270869,   417.33619966949169,   417.45320965965840,   417.33619966949226,   416.98480814271005,   416.39795184551707,   415.57383042260471,   414.50993483884997,   413.20306102186663,   411.64933063031992,   409.84422156230079,   407.78261160208052,   405.45883948835387,   402.86678866360893,   399.99999999998835,   396.85182082397546,   393.41559846205473,   389.68492711565045,   385.65395687366276,   381.31777271283573,   376.67284894877270,   371.71758023995949,   366.45288337014756,   360.88285423649455,   355.01545170761250,   348.86316490192888,   342.44360457722439,   335.77994556083161,   328.90113954552743,   321.84182086083297,   314.64184616442833,   307.34544409007447,   300.00000000000000, 
  300.00000000000000,   307.02164731130154,   314.00046926212798,   320.89490944320460,   327.66584234750553,   334.27753858939428,   340.69837359380170,   346.90125520499896,   352.86377876963502,   358.56814378720037,   364.00088171771961,   369.15245020975539,   374.01674684899461,   378.59058823780981,   382.87319041517833,   386.86567637569772,   390.57062710528351,   393.99168483386472,   397.13321133636157,   399.99999999998278,   402.59703775759527,   404.92931154206707,   407.00165333031197,   408.81861784577438,   410.38438735730591,   411.70269858944602,   412.77678743140353,   413.60934782625458,   414.20250189468561,   414.55777897733617,   414.67610185973967,   414.55777897733680,   414.20250189468680,   413.60934782625651,   412.77678743140586,   411.70269858944818,   410.38438735730881,   408.81861784577768,   407.00165333031532,   404.92931154207093,   402.59703775759976,   399.99999999998749,   397.13321133636668,   393.99168483387029,   390.57062710528896,   386.86567637570340,   382.87319041518396,   378.59058823781527,   374.01674684900007,   369.15245020976118,   364.00088171772524,   358.56814378720554,   352.86377876963979,   346.90125520500357,   340.69837359380585,   334.27753858939775,   327.66584234750837,   320.89490944320710,   314.00046926212957,   307.02164731130244,   300.00000000000000, 
  300.00000000000000,   306.74067589300472,   313.44347412957842,   320.07150530235447,   326.58978181189826,   332.96599285544210,   339.17109600359373,   345.17970355463461,   350.97026437873313,   356.52506042495747,   361.83004950378086,   366.87459203235386,   371.65109999964585,   376.15464297423586,   380.38254017354825,   384.33396086668415,   388.00954874952231,   391.41108006984371,   394.54116051161543,   397.40296224236920,   399.99999999998204,   402.33594347828466,   404.41446237110870,   406.23910006516303,   407.81317197213991,   409.13968473022680,   410.22127288731139,   411.06015013341442,   411.65807263244301,   412.01631248542731,   412.13563982462733,   412.01631248542805,   411.65807263244409,   411.06015013341624,   410.22127288731377,   409.13968473022936,   407.81317197214298,   406.23910006516684,   404.41446237111256,   402.33594347828881,   399.99999999998658,   397.40296224237414,   394.54116051162089,   391.41108006984939,   388.00954874952811,   384.33396086669001,   380.38254017355422,   376.15464297424171,   371.65109999965171,   366.87459203235943,   361.83004950378637,   356.52506042496270,   350.97026437873780,   345.17970355463922,   339.17109600359765,   332.96599285544568,   326.58978181190145,   320.07150530235697,   313.44347412958018,   306.74067589300580,   300.00000000000000, 
  300.00000000000000,   306.49758213113944,   312.96124606082708,   319.35785582473653,   325.65578674229107,   331.82555501688182,   337.84031401049617,   343.67619863121308,   349.31251476570571,   354.73178403011525,   359.91966384009254,   364.86476841623306,   369.55841814299970,   373.99434348593934,   378.16836643809529,   382.07807816796833,   385.72252695627839,   389.10192618437264,   392.21738839788782,   395.07068845789667,   397.66405652167856,   399.99999999998147,   402.08115261067513,   403.91014807162986,   405.48951573586413,   406.82159547200996,   407.90846925420118,   408.75190718764935,   409.35332601624441,   409.71375850730328,   409.83383246791419,   409.71375850730391,   409.35332601624572,   408.75190718765111,   407.90846925420345,   406.82159547201252,   405.48951573586726,   403.91014807163356,   402.08115261067917,   399.99999999998545,   397.66405652168305,   395.07068845790167,   392.21738839789333,   389.10192618437850,   385.72252695628424,   382.07807816797441,   378.16836643810097,   373.99434348594536,   369.55841814300544,   364.86476841623886,   359.91966384009805,   354.73178403012025,   349.31251476571015,   343.67619863121763,   337.84031401050004,   331.82555501688552,   325.65578674229414,   319.35785582473915,   312.96124606082856,   306.49758213114023,   300.00000000000000, 
  300.00000000000000,   306.28840657072590,   312.54607215785336,   318.74288519347385,   324.84995431564772,   330.84012645929823,   336.68840639029594,   342.37226219401600,   347.87181202276145,   353.16989708970544,   358.25205341024127,   363.10639964948655,   367.72346067018060,   372.09594638842702,   376.21850392492468,   380.08745841081583,   383.70055472325032,   387.05670931348084,   390.15577843766704,   392.99834666965182,   395.58553762885413,   397.91884738928724,   399.99999999998113,   401.83082387481716,   403.41314742767662,   404.74871216774835,   405.83910146983425,   406.68568334673694,   407.28956573758251,   407.65156305962734,   407.77217303242253,   407.65156305962785,   407.28956573758364,   406.68568334673847,   405.83910146983658,   404.74871216775080,   403.41314742767980,   401.83082387482068,   399.99999999998488,   397.91884738929144,   395.58553762885907,   392.99834666965666,   390.15577843767267,   387.05670931348681,   383.70055472325635,   380.08745841082197,   376.21850392493059,   372.09594638843294,   367.72346067018651,   363.10639964949223,   358.25205341024679,   353.16989708971050,   347.87181202276594,   342.37226219402004,   336.68840639029975,   330.84012645930204,   324.84995431565085,   318.74288519347670,   312.54607215785518,   306.28840657072669,   300.00000000000000, 
  300.00000000000000,   306.10997199391102,   312.19175080638684,   318.21765847565877,   324.16101886752739,   329.99659011436825,   335.70092289737335,   341.25263173179297,   346.63257404161857,   351.82393889570352,   356.81225306168130,   361.58531610129154,   366.13307849980885,   370.44747747266348,   374.52224446236096,   378.35269682711993,   381.93552421242663,   385.26857790863380,   388.35066936964733,   391.18138215418901,   393.76089993479945,   396.08985192833234,   398.16917612514476,   399.99999999998062,   401.58353793227741,   402.92100430147207,   404.01354111065086,   404.86215899188159,   405.46769052772152,   405.83075496120097,   405.95173354252148,   405.83075496120165,   405.46769052772277,   404.86215899188329,   404.01354111065297,   402.92100430147468,   401.58353793228042,   399.99999999998425,   398.16917612514857,   396.08985192833671,   393.76089993480423,   391.18138215419401,   388.35066936965296,   385.26857790863966,   381.93552421243260,   378.35269682712601,   374.52224446236704,   370.44747747266956,   366.13307849981464,   361.58531610129717,   356.81225306168665,   351.82393889570858,   346.63257404162329,   341.25263173179729,   335.70092289737727,   329.99659011437211,   324.16101886753046,   318.21765847566098,   312.19175080638843,   306.10997199391159,   300.00000000000000, 
  300.00000000000000,   305.95973059853083,   311.89330059812414,   317.77497903524682,   323.57987256443488,   329.28429223327430,   334.86606335303594,   340.30476779416421,   345.58191351621610,   350.68103138980905,   355.58770383948848,   360.28953319418929,   364.77605975509999,   369.03864054005709,   373.07029962473604,   376.86556022287664,   380.42026739070246,   383.73140873898069,   386.79693897810023,   389.61561264265708,   392.18682802782240,   394.51048426409756,   396.58685257228478,   398.41646206768388,   399.99999999998033,   401.33822599521193,   402.43189967941498,   403.28172098241663,   403.88828242022123,   404.25203271493370,   404.37325121526050,   404.25203271493416,   403.88828242022248,   403.28172098241845,   402.43189967941737,   401.33822599521483,   399.99999999998357,   398.41646206768746,   396.58685257228899,   394.51048426410233,   392.18682802782729,   389.61561264266209,   386.79693897810591,   383.73140873898643,   380.42026739070837,   376.86556022288232,   373.07029962474206,   369.03864054006300,   364.77605975510568,   360.28953319419486,   355.58770383949394,   350.68103138981434,   345.58191351622105,   340.30476779416870,   334.86606335303998,   329.28429223327794,   323.57987256443812,   317.77497903524898,   311.89330059812522,   305.95973059853151,   300.00000000000000, 
  300.00000000000000,   305.83564980208848,   311.64674195233158,   317.40908450276942,   323.09920012169232,   328.69464290125813,   334.17427048733168,   339.51846257561203,   344.70928083927265,   349.73056930782826,   354.56799771227423,   359.20905308087720,   363.64298678634486,   367.86072530772896,   371.85475327364992,   375.61897704894784,   379.14857638852618,   382.43985067848604,   385.49006516111621,   388.29730141051704,   390.86031526973551,   393.17840452795156,   395.25128783221322,   397.07899569848911,   398.66177400474879,   399.99999999998045,   401.09411062938102,   401.94454283814923,   402.55168545581358,   402.91584226305184,   403.03720588865315,   402.91584226305224,   402.55168545581461,   401.94454283815099,   401.09411062938347,   399.99999999998306,   398.66177400475198,   397.07899569849269,   395.25128783221726,   393.17840452795627,   390.86031526974045,   388.29730141052227,   385.49006516112183,   382.43985067849150,   379.14857638853175,   375.61897704895341,   371.85475327365566,   367.86072530773475,   363.64298678635060,   359.20905308088271,   354.56799771227969,   349.73056930783360,   344.70928083927765,   339.51846257561658,   334.17427048733566,   328.69464290126172,   323.09920012169533,   317.40908450277169,   311.64674195233289,   305.83564980208916,   300.00000000000000, 
  300.00000000000000,   305.73612665749152,   311.44893290634411,   317.11541690180712,   322.71320051830673,   328.22080876273395,   333.61791311942051,   338.88553118167971,   344.00617795743443,   348.96396728995768,   353.74466462090311,   358.33569463070052,   362.72610900167336,   366.90652063086435,   370.86901111318662,   374.60701831073834,   378.11521043596849,   381.38935242532153,   384.42616957736152,   387.22321256855957,   389.77872711265098,   392.09153074576079,   394.16089853012733,   395.98645888931065,   397.56810032054591,   398.90588937057970,   399.99999999998056,   400.85065428498558,   401.45807430183186,   401.82244499280665,   401.94388781324795,   401.82244499280739,   401.45807430183305,   400.85065428498712,   399.99999999998255,   398.90588937058220,   397.56810032054892,   395.98645888931406,   394.16089853013119,   392.09153074576500,   389.77872711265570,   387.22321256856458,   384.42616957736692,   381.38935242532699,   378.11521043597401,   374.60701831074425,   370.86901111319247,   366.90652063087003,   362.72610900167899,   358.33569463070597,   353.74466462090857,   348.96396728996268,   344.00617795743921,   338.88553118168403,   333.61791311942466,   328.22080876273719,   322.71320051830946,   317.11541690180928,   311.44893290634548,   305.73612665749249,   300.00000000000000, 
  300.00000000000000,   305.65992392153407,   311.29744611374610,   316.89044967980868,   322.41737628699389,   327.85747851194952,   333.19104204593799,   338.39957107425158,   343.46593251882734,   348.37445727366503,   353.11099885068029,   357.66295181934851,   362.01923395878345,   366.17023710086835,   370.10775223749374,   373.82487464485058,   377.31589461928780,   380.57617900947008,   383.60204815444894,   386.39065217370876,   388.93984986654823,   391.24809281231285,   393.31431665322498,   395.13784100807999,   396.71827901754421,   398.05545716181166,   399.14934571497542,   399.99999999998050,   400.60751247372212,   400.97197559309552,   401.09345537872446,   400.97197559309626,   400.60751247372338,   399.99999999998221,   399.14934571497776,   398.05545716181445,   396.71827901754745,   395.13784100808340,   393.31431665322856,   391.24809281231705,   388.93984986655261,   386.39065217371365,   383.60204815445417,   380.57617900947554,   377.31589461929360,   373.82487464485655,   370.10775223749977,   366.17023710087409,   362.01923395878902,   357.66295181935385,   353.11099885068552,   348.37445727367003,   343.46593251883218,   338.39957107425573,   333.19104204594191,   327.85747851195276,   322.41737628699644,   316.89044967981050,   311.29744611374724,   305.65992392153487,   300.00000000000000, 
  300.00000000000000,   305.60612291489849,   311.19047794729767,   316.73155941668745,   322.20837643791020,   327.60068695213204,   332.88920547813058,   338.05577855056083,   343.08352376995902,   347.95693043519407,   352.66192168880514,   357.18587983722966,   361.51763791324379,   365.64744157633231,   369.56688609107010,   373.26883341188295,   376.74731438686246,   379.99742083882262,   383.01519185725562,   385.79749810527795,   388.34192736751987,   390.64667398371779,   392.71043426237941,   394.53230947224006,   396.11171757973995,   397.44831454414748,   398.54192569812915,   399.39248752623905,   399.99999999998079,   400.36448952712897,   400.48598251545843,   400.36448952712954,   399.99999999998215,   399.39248752624104,   398.54192569813154,   397.44831454415032,   396.11171757974330,   394.53230947224375,   392.71043426238333,   390.64667398372222,   388.34192736752453,   385.79749810528290,   383.01519185726090,   379.99742083882808,   376.74731438686814,   373.26883341188858,   369.56688609107596,   365.64744157633800,   361.51763791324925,   357.18587983723518,   352.66192168881025,   347.95693043519907,   343.08352376996390,   338.05577855056504,   332.88920547813450,   327.60068695213533,   322.20837643791288,   316.73155941668927,   311.19047794729903,   305.60612291489917,   300.00000000000000, 
  300.00000000000000,   305.57408979076229,   311.12678334385873,   316.63693360173312,   322.08388309582733,   327.44768738053790,   332.70931436389191,   337.85081387990215,   342.85545357525439,   347.70781900834737,   352.39387763211658,   356.90100792752133,   361.21799628062962,   365.33500520014718,   369.24351713857118,   372.93625852474827,   376.40710867745634,   379.65099810170193,   382.66380033047284,   385.44222102262773,   387.98368751453592,   390.28624149265931,   392.34843694033498,   394.16924503876118,   395.74796728502815,   397.08415773690984,   398.17755500715469,   399.02802440686605,   399.63551047283295,   399.99999999998113,   400.12149562885077,   399.99999999998198,   399.63551047283448,   399.02802440686798,   398.17755500715708,   397.08415773691274,   395.74796728503139,   394.16924503876476,   392.34843694033896,   390.28624149266369,   387.98368751454063,   385.44222102263279,   382.66380033047830,   379.65099810170733,   376.40710867746191,   372.93625852475367,   369.24351713857703,   365.33500520015298,   361.21799628063508,   356.90100792752702,   352.39387763212153,   347.70781900835209,   342.85545357525911,   337.85081387990675,   332.70931436389588,   327.44768738054120,   322.08388309583012,   316.63693360173517,   311.12678334386010,   305.57408979076274,   300.00000000000000, 
  300.00000000000000,   305.56345290429169,   311.10563203564215,   316.60550855055925,   322.04253496312833,   327.39686511030021,   332.64955071699660,   337.78270902990249,   342.77965764280873,   347.62501439082371,   352.30476190379159,   356.80627796011021,   361.11833408160589,   365.23106580505493,   369.13591873832002,   372.82557487108255,   376.29386369651297,   379.53566256005598,   382.54679034030664,   385.32389814022480,   387.86436017533663,   390.16616753204909,   392.22782696754018,   394.04826645744106,   395.62674878470165,   396.96279411130899,   398.05611218671419,   398.90654462123769,   399.51401748450417,   399.87850437111234,   399.99999999998175,   399.87850437111285,   399.51401748450536,   398.90654462123950,   398.05611218671640,   396.96279411131155,   395.62674878470483,   394.04826645744498,   392.22782696754393,   390.16616753205301,   387.86436017534112,   385.32389814022969,   382.54679034031182,   379.53566256006116,   376.29386369651837,   372.82557487108795,   369.13591873832581,   365.23106580506095,   361.11833408161175,   356.80627796011572,   352.30476190379699,   347.62501439082860,   342.77965764281345,   337.78270902990681,   332.64955071700052,   327.39686511030351,   322.04253496313117,   316.60550855056118,   311.10563203564345,   305.56345290429221,   300.00000000000000, 
  300.00000000000000,   305.57408979076217,   311.12678334385896,   316.63693360173318,   322.08388309582722,   327.44768738053801,   332.70931436389191,   337.85081387990238,   342.85545357525439,   347.70781900834743,   352.39387763211653,   356.90100792752168,   361.21799628062973,   365.33500520014729,   369.24351713857158,   372.93625852474855,   376.40710867745679,   379.65099810170216,   382.66380033047318,   385.44222102262819,   387.98368751453626,   390.28624149265988,   392.34843694033543,   394.16924503876152,   395.74796728502866,   397.08415773691047,   398.17755500715549,   399.02802440686668,   399.63551047283369,   399.99999999998192,   400.12149562885128,   399.99999999998255,   399.63551047283477,   399.02802440686833,   398.17755500715771,   397.08415773691308,   395.74796728503190,   394.16924503876544,   392.34843694033947,   390.28624149266415,   387.98368751454103,   385.44222102263319,   382.66380033047847,   379.65099810170750,   376.40710867746208,   372.93625852475395,   369.24351713857726,   365.33500520015315,   361.21799628063542,   356.90100792752696,   352.39387763212176,   347.70781900835220,   342.85545357525888,   337.85081387990664,   332.70931436389577,   327.44768738054120,   322.08388309583012,   316.63693360173522,   311.12678334386021,   305.57408979076286,   300.00000000000000, 
  300.00000000000000,   305.60612291489855,   311.19047794729789,   316.73155941668756,   322.20837643791032,   327.60068695213221,   332.88920547813086,   338.05577855056123,   343.08352376995941,   347.95693043519452,   352.66192168880553,   357.18587983723023,   361.51763791324424,   365.64744157633288,   369.56688609107067,   373.26883341188346,   376.74731438686302,   379.99742083882330,   383.01519185725647,   385.79749810527881,   388.34192736752073,   390.64667398371864,   392.71043426238043,   394.53230947224102,   396.11171757974125,   397.44831454414884,   398.54192569813051,   399.39248752624025,   399.99999999998192,   400.36448952713010,   400.48598251545951,   400.36448952713067,   399.99999999998300,   399.39248752624189,   398.54192569813256,   397.44831454415151,   396.11171757974410,   394.53230947224472,   392.71043426238430,   390.64667398372319,   388.34192736752527,   385.79749810528381,   383.01519185726141,   379.99742083882865,   376.74731438686877,   373.26883341188915,   369.56688609107624,   365.64744157633851,   361.51763791324970,   357.18587983723546,   352.66192168881048,   347.95693043519930,   343.08352376996407,   338.05577855056544,   332.88920547813450,   327.60068695213556,   322.20837643791293,   316.73155941668966,   311.19047794729937,   305.60612291489929,   300.00000000000000, 
  300.00000000000000,   305.65992392153430,   311.29744611374650,   316.89044967980891,   322.41737628699406,   327.85747851194986,   333.19104204593867,   338.39957107425209,   343.46593251882814,   348.37445727366566,   353.11099885068120,   357.66295181934936,   362.01923395878441,   366.17023710086966,   370.10775223749516,   373.82487464485172,   377.31589461928900,   380.57617900947145,   383.60204815445036,   386.39065217371001,   388.93984986654920,   391.24809281231421,   393.31431665322617,   395.13784100808124,   396.71827901754597,   398.05545716181331,   399.14934571497713,   399.99999999998226,   400.60751247372389,   400.97197559309728,   401.09345537872616,   400.97197559309791,   400.60751247372497,   399.99999999998391,   399.14934571497929,   398.05545716181604,   396.71827901754915,   395.13784100808499,   393.31431665323009,   391.24809281231865,   388.93984986655397,   386.39065217371473,   383.60204815445530,   380.57617900947696,   377.31589461929468,   373.82487464485723,   370.10775223750062,   366.17023710087489,   362.01923395878981,   357.66295181935470,   353.11099885068620,   348.37445727367026,   343.46593251883246,   338.39957107425607,   333.19104204594197,   327.85747851195293,   322.41737628699661,   316.89044967981084,   311.29744611374770,   305.65992392153498,   300.00000000000000, 
  300.00000000000000,   305.73612665749187,   311.44893290634451,   317.11541690180746,   322.71320051830730,   328.22080876273435,   333.61791311942159,   338.88553118168045,   344.00617795743528,   348.96396728995887,   353.74466462090430,   358.33569463070182,   362.72610900167456,   366.90652063086560,   370.86901111318798,   374.60701831073965,   378.11521043596997,   381.38935242532335,   384.42616957736340,   387.22321256856139,   389.77872711265275,   392.09153074576261,   394.16089853012926,   395.98645888931253,   397.56810032054790,   398.90588937058158,   399.99999999998266,   400.85065428498768,   401.45807430183407,   401.82244499280898,   401.94388781324977,   401.82244499280927,   401.45807430183527,   400.85065428498922,   399.99999999998460,   398.90588937058425,   397.56810032055085,   395.98645888931577,   394.16089853013290,   392.09153074576665,   389.77872711265712,   387.22321256856611,   384.42616957736846,   381.38935242532847,   378.11521043597520,   374.60701831074505,   370.86901111319344,   366.90652063087106,   362.72610900167973,   358.33569463070671,   353.74466462090919,   348.96396728996325,   344.00617795743955,   338.88553118168437,   333.61791311942511,   328.22080876273731,   322.71320051830969,   317.11541690180957,   311.44893290634570,   305.73612665749260,   300.00000000000000, 
  300.00000000000000,   305.83564980208871,   311.64674195233204,   317.40908450276993,   323.09920012169295,   328.69464290125853,   334.17427048733225,   339.51846257561283,   344.70928083927379,   349.73056930782997,   354.56799771227577,   359.20905308087885,   363.64298678634674,   367.86072530773077,   371.85475327365180,   375.61897704894972,   379.14857638852823,   382.43985067848820,   385.49006516111865,   388.29730141051948,   390.86031526973790,   393.17840452795406,   395.25128783221567,   397.07899569849167,   398.66177400475152,   399.99999999998295,   401.09411062938386,   401.94454283815196,   402.55168545581637,   402.91584226305434,   403.03720588865565,   402.91584226305480,   402.55168545581711,   401.94454283815338,   401.09411062938585,   399.99999999998568,   398.66177400475414,   397.07899569849457,   395.25128783221930,   393.17840452795815,   390.86031526974210,   388.29730141052431,   385.49006516112337,   382.43985067849343,   379.14857638853346,   375.61897704895466,   371.85475327365691,   367.86072530773617,   363.64298678635168,   359.20905308088368,   354.56799771228037,   349.73056930783417,   344.70928083927788,   339.51846257561704,   334.17427048733595,   328.69464290126160,   323.09920012169539,   317.40908450277192,   311.64674195233323,   305.83564980208951,   300.00000000000000, 
  300.00000000000000,   305.95973059853088,   311.89330059812426,   317.77497903524738,   323.57987256443585,   329.28429223327498,   334.86606335303674,   340.30476779416551,   345.58191351621753,   350.68103138981076,   355.58770383949042,   360.28953319419134,   364.77605975510210,   369.03864054005930,   373.07029962473837,   376.86556022287874,   380.42026739070479,   383.73140873898353,   386.79693897810319,   389.61561264266004,   392.18682802782519,   394.51048426410046,   396.58685257228791,   398.41646206768678,   399.99999999998374,   401.33822599521511,   402.43189967941828,   403.28172098241993,   403.88828242022447,   404.25203271493677,   404.37325121526379,   404.25203271493734,   403.88828242022544,   403.28172098242112,   402.43189967942027,   401.33822599521756,   399.99999999998619,   398.41646206768974,   396.58685257229132,   394.51048426410455,   392.18682802782928,   389.61561264266459,   386.79693897810768,   383.73140873898802,   380.42026739070997,   376.86556022288391,   373.07029962474331,   369.03864054006425,   364.77605975510704,   360.28953319419600,   355.58770383949468,   350.68103138981490,   345.58191351622150,   340.30476779416909,   334.86606335304003,   329.28429223327799,   323.57987256443840,   317.77497903524937,   311.89330059812556,   305.95973059853156,   300.00000000000000, 
  300.00000000000000,   306.10997199391102,   312.19175080638712,   318.21765847565945,   324.16101886752824,   329.99659011436933,   335.70092289737448,   341.25263173179428,   346.63257404162005,   351.82393889570574,   356.81225306168358,   361.58531610129376,   366.13307849981123,   370.44747747266598,   374.52224446236357,   378.35269682712283,   381.93552421242993,   385.26857790863716,   388.35066936965075,   391.18138215419197,   393.76089993480264,   396.08985192833546,   398.16917612514811,   399.99999999998414,   401.58353793228099,   402.92100430147570,   404.01354111065433,   404.86215899188483,   405.46769052772493,   405.83075496120443,   405.95173354252495,   405.83075496120489,   405.46769052772606,   404.86215899188647,   404.01354111065615,   402.92100430147792,   401.58353793228360,   399.99999999998721,   398.16917612515135,   396.08985192833933,   393.76089993480679,   391.18138215419651,   388.35066936965529,   385.26857790864170,   381.93552421243459,   378.35269682712772,   374.52224446236858,   370.44747747267070,   366.13307849981601,   361.58531610129825,   356.81225306168784,   351.82393889570966,   346.63257404162391,   341.25263173179786,   335.70092289737755,   329.99659011437211,   324.16101886753063,   318.21765847566127,   312.19175080638860,   306.10997199391164,   300.00000000000000, 
  300.00000000000000,   306.28840657072612,   312.54607215785416,   318.74288519347499,   324.84995431564897,   330.84012645929977,   336.68840639029730,   342.37226219401754,   347.87181202276321,   353.16989708970743,   358.25205341024395,   363.10639964948939,   367.72346067018327,   372.09594638842981,   376.21850392492775,   380.08745841081912,   383.70055472325390,   387.05670931348442,   390.15577843767039,   392.99834666965529,   395.58553762885811,   397.91884738929110,   399.99999999998499,   401.83082387482079,   403.41314742768049,   404.74871216775239,   405.83910146983828,   406.68568334674092,   407.28956573758660,   407.65156305963154,   407.77217303242685,   407.65156305963200,   407.28956573758774,   406.68568334674211,   405.83910146983999,   404.74871216775438,   403.41314742768310,   401.83082387482358,   399.99999999998806,   397.91884738929468,   395.58553762886186,   392.99834666965955,   390.15577843767477,   387.05670931348902,   383.70055472325839,   380.08745841082379,   376.21850392493246,   372.09594638843436,   367.72346067018759,   363.10639964949382,   358.25205341024827,   353.16989708971153,   347.87181202276702,   342.37226219402078,   336.68840639030054,   330.84012645930250,   324.84995431565108,   318.74288519347664,   312.54607215785529,   306.28840657072692,   300.00000000000000, 
  300.00000000000000,   306.49758213113967,   312.96124606082770,   319.35785582473773,   325.65578674229232,   331.82555501688330,   337.84031401049782,   343.67619863121524,   349.31251476570799,   354.73178403011786,   359.91966384009538,   364.86476841623590,   369.55841814300243,   373.99434348594247,   378.16836643809836,   382.07807816797185,   385.72252695628225,   389.10192618437685,   392.21738839789191,   395.07068845790099,   397.66405652168265,   399.99999999998556,   402.08115261067940,   403.91014807163424,   405.48951573586857,   406.82159547201468,   407.90846925420578,   408.75190718765373,   409.35332601624896,   409.71375850730789,   409.83383246791880,   409.71375850730828,   409.35332601624975,   408.75190718765487,   407.90846925420715,   406.82159547201633,   405.48951573587090,   403.91014807163685,   402.08115261068241,   399.99999999998880,   397.66405652168635,   395.07068845790468,   392.21738839789583,   389.10192618438083,   385.72252695628640,   382.07807816797634,   378.16836643810296,   373.99434348594713,   369.55841814300720,   364.86476841624045,   359.91966384009953,   354.73178403012162,   349.31251476571146,   343.67619863121826,   337.84031401050083,   331.82555501688609,   325.65578674229459,   319.35785582473937,   312.96124606082890,   306.49758213114069,   300.00000000000000, 
  300.00000000000000,   306.74067589300512,   313.44347412957922,   320.07150530235555,   326.58978181189980,   332.96599285544374,   339.17109600359589,   345.17970355463694,   350.97026437873564,   356.52506042496009,   361.83004950378404,   366.87459203235687,   371.65109999964932,   376.15464297423904,   380.38254017355183,   384.33396086668785,   388.00954874952663,   391.41108006984808,   394.54116051161986,   397.40296224237335,   399.99999999998630,   402.33594347828910,   404.41446237111330,   406.23910006516775,   407.81317197214469,   409.13968473023158,   410.22127288731650,   411.06015013341948,   411.65807263244773,   412.01631248543219,   412.13563982463199,   412.01631248543231,   411.65807263244852,   411.06015013342051,   410.22127288731764,   409.13968473023328,   407.81317197214696,   406.23910006517019,   404.41446237111597,   402.33594347829256,   399.99999999998994,   397.40296224237716,   394.54116051162373,   391.41108006985178,   388.00954874953027,   384.33396086669211,   380.38254017355621,   376.15464297424364,   371.65109999965364,   366.87459203236125,   361.83004950378790,   356.52506042496390,   350.97026437873888,   345.17970355463984,   339.17109600359834,   332.96599285544630,   326.58978181190179,   320.07150530235731,   313.44347412958041,   306.74067589300574,   300.00000000000000, 
  300.00000000000000,   307.02164731130199,   314.00046926212883,   320.89490944320585,   327.66584234750701,   334.27753858939622,   340.69837359380421,   346.90125520500135,   352.86377876963763,   358.56814378720327,   364.00088171772285,   369.15245020975874,   374.01674684899785,   378.59058823781334,   382.87319041518208,   386.86567637570187,   390.57062710528788,   393.99168483386910,   397.13321133636600,   399.99999999998710,   402.59703775759982,   404.92931154207184,   407.00165333031669,   408.81861784577916,   410.38438735731086,   411.70269858945107,   412.77678743140882,   413.60934782625981,   414.20250189469056,   414.55777897734094,   414.67610185974411,   414.55777897734134,   414.20250189469124,   413.60934782626077,   412.77678743140996,   411.70269858945255,   410.38438735731296,   408.81861784578155,   407.00165333031919,   404.92931154207486,   402.59703775760323,   399.99999999999079,   397.13321133636964,   393.99168483387280,   390.57062710529152,   386.86567637570562,   382.87319041518612,   378.59058823781726,   374.01674684900206,   369.15245020976295,   364.00088171772694,   358.56814378720691,   352.86377876964099,   346.90125520500442,   340.69837359380671,   334.27753858939866,   327.66584234750906,   320.89490944320750,   314.00046926212980,   307.02164731130267,   300.00000000000000, 
  300.00000000000000,   307.34544409007390,   314.64184616442776,   321.84182086083212,   328.90113954552635,   335.77994556083036,   342.44360457722303,   348.86316490192712,   355.01545170761057,   360.88285423649268,   366.45288337014551,   371.71758023995773,   376.67284894877071,   381.31777271283374,   385.65395687366134,   389.68492711564920,   393.41559846205354,   396.85182082397489,   399.99999999998806,   402.86678866360904,   405.45883948835433,   407.78261160208154,   409.84422156230232,   411.64933063032163,   413.20306102186879,   414.50993483885304,   415.57383042260778,   416.39795184552048,   416.98480814271403,   417.33619966949686,   417.45320965966323,   417.33619966949715,   416.98480814271471,   416.39795184552145,   415.57383042260881,   414.50993483885429,   413.20306102187072,   411.64933063032402,   409.84422156230465,   407.78261160208433,   405.45883948835751,   402.86678866361262,   399.99999999999147,   396.85182082397847,   393.41559846205740,   389.68492711565290,   385.65395687366515,   381.31777271283784,   376.67284894877446,   371.71758023996125,   366.45288337014949,   360.88285423649631,   355.01545170761381,   348.86316490192996,   342.44360457722564,   335.77994556083252,   328.90113954552817,   321.84182086083348,   314.64184616442867,   307.34544409007458,   300.00000000000000, 
  300.00000000000000,   307.71828288456629,   315.37965044467626,   322.92938829016828,   330.31694941293631,   337.49749953117532,   344.43293425233054,   351.09234811787326,   357.45200892238466,   363.49493808101192,   369.21021728640932,   374.59213843115486,   379.63929599329384,   384.35369679109050,   388.73993725098023,   392.80447675117983,   396.55501880330314,   399.99999999998869,   403.14817917600192,   406.00831516610714,   408.58891993012719,   410.89807381559802,   412.94329068648966,   414.73142209133630,   416.26859126098952,   417.56014932148412,   418.61064757464874,   419.42382099050019,   420.00257916114799,   420.34900189826897,   420.46433743991525,   420.34900189826931,   420.00257916114896,   419.42382099050150,   418.61064757465016,   417.56014932148560,   416.26859126099117,   414.73142209133835,   412.94329068649176,   410.89807381560058,   408.58891993013026,   406.00831516610998,   403.14817917600521,   399.99999999999204,   396.55501880330661,   392.80447675118364,   388.73993725098387,   384.35369679109414,   379.63929599329737,   374.59213843115828,   369.21021728641267,   363.49493808101533,   357.45200892238785,   351.09234811787610,   344.43293425233298,   337.49749953117771,   330.31694941293819,   322.92938829016970,   315.37965044467700,   307.71828288456686,   300.00000000000000, 
  300.00000000000000,   308.14803700351524,   316.22908443954208,   324.17913244222905,   331.93977028487478,   339.46016889860471,   346.69828478305038,   353.62128439485110,   360.20529778304302,   366.43467187876092,   372.30090926332474,   377.80146020495863,   382.93849980215884,   387.71778120725384,   392.14761858798971,   396.23802383478721,   399.99999999998971,   403.44498119667543,   406.58440153792429,   409.42937289468944,   411.99045125044989,   414.27747304369359,   416.29944527672131,   418.06447578754489,   419.57973260926889,   420.85142361144534,   421.88478956400309,   422.68410538068366,   423.25268561310958,   423.59289132251564,   423.70613630345969,   423.59289132251615,   423.25268561311026,   422.68410538068474,   421.88478956400445,   420.85142361144665,   419.57973260927048,   418.06447578754660,   416.29944527672330,   414.27747304369575,   411.99045125045240,   409.42937289469194,   406.58440153792714,   403.44498119667861,   399.99999999999295,   396.23802383479085,   392.14761858799307,   387.71778120725719,   382.93849980216214,   377.80146020496198,   372.30090926332815,   366.43467187876422,   360.20529778304569,   353.62128439485372,   346.69828478305294,   339.46016889860692,   331.93977028487632,   324.17913244223047,   316.22908443954282,   308.14803700351558,   300.00000000000000, 
  300.00000000000000,   308.64478068995254,   317.20951786774742,   325.61828675433156,   333.80283038572856,   341.70512099531891,   349.27875158641547,   356.48920689543775,   363.31322593617494,   369.73754238766469,   375.75728768317083,   381.37429332319590,   386.59546180312907,   391.43130964777652,   395.89473205893682,   399.99999999999039,   403.76197616519283,   407.19552324879936,   410.31507288432960,   413.13432362427665,   415.66603913328959,   417.92192183200490,   419.91254158915723,   421.64730317285296,   423.13443977709613,   424.38102295102493,   425.39298168923426,   426.17512535512213,   426.73116658809028,   427.06374147522524,   427.17442512889119,   427.06374147522558,   426.73116658809079,   426.17512535512299,   425.39298168923540,   424.38102295102641,   423.13443977709755,   421.64730317285455,   419.91254158915893,   417.92192183200689,   415.66603913329175,   413.13432362427892,   410.31507288433261,   407.19552324880249,   403.76197616519590,   399.99999999999403,   395.89473205894052,   391.43130964777981,   386.59546180313231,   381.37429332319903,   375.75728768317362,   369.73754238766742,   363.31322593617745,   356.48920689544013,   349.27875158641751,   341.70512099532067,   333.80283038573003,   325.61828675433253,   317.20951786774805,   308.64478068995254,   300.00000000000000, 
  300.00000000000000,   309.22156788854693,   318.34591958716396,   327.28166632162106,   335.94814350838880,   344.27873311052667,   352.22239367185477,   359.74356566431004,   366.82085667855443,   373.44498405255189,   379.61640575849685,   385.34296360152598,   390.63774443938502,   395.51726352178645,   399.99999999999153,   404.10526794104499,   407.85238141199176,   411.26006274900027,   414.34604312631853,   417.12680958479717,   419.61745982642674,   421.83163356187947,   423.78149607504946,   425.47775553761323,   426.92970037523810,   428.14524672632433,   429.13098888678775,   429.89224776248039,   430.43311390890449,   430.75648286140336,   430.86408126165469,   430.75648286140353,   430.43311390890477,   429.89224776248102,   429.13098888678860,   428.14524672632558,   426.92970037523935,   425.47775553761466,   423.78149607505139,   421.83163356188129,   419.61745982642867,   417.12680958479945,   414.34604312632109,   411.26006274900300,   407.85238141199460,   404.10526794104811,   399.99999999999477,   395.51726352178940,   390.63774443938826,   385.34296360152865,   379.61640575849964,   373.44498405255439,   366.82085667855665,   359.74356566431203,   352.22239367185676,   344.27873311052844,   335.94814350839016,   327.28166632162214,   318.34591958716447,   309.22156788854716,   300.00000000000000, 
  300.00000000000000,   309.89557127707099,   319.67092627073998,   329.21431543660003,   338.42934421567873,   347.23927426654467,   355.58852432616732,   363.44180541139269,   370.78165106118064,   377.60513138549140,   383.92038769673906,   389.74341088502575,   395.09528883109914,   399.99999999999233,   404.48273647819764,   408.56869035220654,   412.28221879272866,   415.64630320889137,   418.68222728714693,   421.40941176216705,   423.84535702574055,   426.00565651403645,   427.90405361154876,   429.55252252731236,   430.96135945991853,   432.13927469224654,   433.09347936911138,   433.82976289910727,   434.35255842364359,   434.66499479982895,   434.76893419492137,   434.66499479982934,   434.35255842364410,   433.82976289910800,   433.09347936911229,   432.13927469224762,   430.96135945991989,   429.55252252731395,   427.90405361155058,   426.00565651403849,   423.84535702574260,   421.40941176216916,   418.68222728714949,   415.64630320889393,   412.28221879273138,   408.56869035220939,   404.48273647820054,   399.99999999999528,   395.09528883110187,   389.74341088502842,   383.92038769674156,   377.60513138549362,   370.78165106118252,   363.44180541139480,   355.58852432616897,   347.23927426654620,   338.42934421568015,   329.21431543660134,   319.67092627074095,   309.89557127707133,   300.00000000000000, 
  300.00000000000000,   310.68979094899714,   321.22789878212546,   331.47532493836036,   341.31564365118157,   350.66049541380613,   359.45062395487656,   367.65348059391357,   375.25881076928357,   382.27350273149392,   388.71660275794244,   394.61500341073889,   399.99999999999329,   404.90471116888671,   409.36225556059992,   413.40453819685507,   417.06150019782484,   420.36070400668939,   423.32715105121173,   425.98325315098350,   428.34890000033175,   430.44158185697762,   432.27653932979661,   433.86692150016813,   435.22394024487733,   436.35701321363229,   437.27389099830401,   437.98076604119376,   438.48236208673359,   438.78200371934781,   438.88166591837182,   438.78200371934838,   438.48236208673410,   437.98076604119422,   437.27389099830464,   436.35701321363319,   435.22394024487852,   433.86692150017006,   432.27653932979837,   430.44158185697944,   428.34890000033380,   425.98325315098577,   423.32715105121378,   420.36070400669166,   417.06150019782729,   413.40453819685774,   409.36225556060259,   404.90471116888955,   399.99999999999602,   394.61500341074145,   388.71660275794443,   382.27350273149608,   375.25881076928533,   367.65348059391567,   359.45062395487821,   350.66049541380738,   341.31564365118277,   331.47532493836161,   321.22789878212615,   310.68979094899737,   300.00000000000000, 
  300.00000000000000,   311.63569373679212,   323.07555297040437,   334.14344188353522,   344.69741003688034,   354.63643978262127,   363.89999548561923,   372.46268224010203,   380.32660869054570,   387.51346601325861,   394.05751719279772,   399.99999999999449,   405.38499658924871,   410.25658911496106,   414.65703639846009,   418.62570667678955,   422.19853979502642,   425.40786156882950,   428.28241976002596,   430.84754979022381,   433.12540796762539,   435.13523158374574,   436.89360035049219,   438.41468389868726,   439.71046680578951,   440.79094691910160,   441.66430536927822,   442.33704818063035,   442.81412016274936,   443.09899207245758,   443.19372203986927,   443.09899207245803,   442.81412016274982,   442.33704818063075,   441.66430536927885,   440.79094691910217,   439.71046680579047,   438.41468389868879,   436.89360035049373,   435.13523158374761,   433.12540796762704,   430.84754979022614,   428.28241976002806,   425.40786156883149,   422.19853979502835,   418.62570667679176,   414.65703639846259,   410.25658911496350,   405.38499658925105,   399.99999999999659,   394.05751719279954,   387.51346601326048,   380.32660869054757,   372.46268224010356,   363.89999548562099,   354.63643978262286,   344.69741003688154,   334.14344188353618,   323.07555297040489,   311.63569373679240,   300.00000000000000, 
  300.00000000000000,   312.77743102776697,   325.29517747916412,   337.32547958849568,   348.69411483018331,   359.28785819417999,   369.05023596487734,   377.97064419032915,   386.07147573953864,   393.39623543819715,   399.99999999999545,   405.94248280719216,   411.28339724204653,   416.07961230324895,   420.38359424149064,   424.24271231681621,   427.69909073666116,   430.78978271357602,   433.54711662983914,   435.99911828226124,   438.16995049619999,   440.08033615988791,   441.74794658973923,   443.18774693829943,   444.41229616049208,   445.43200228770615,   446.25533537907717,   446.88900114929999,   447.33807831117554,   447.60612236786454,   447.69523809618909,   447.60612236786466,   447.33807831117576,   446.88900114930055,   446.25533537907802,   445.43200228770706,   444.41229616049293,   443.18774693830056,   441.74794658974054,   440.08033615988950,   438.16995049620141,   435.99911828226328,   433.54711662984118,   430.78978271357812,   427.69909073666315,   424.24271231681837,   420.38359424149274,   416.07961230325105,   411.28339724204830,   405.94248280719393,   399.99999999999716,   393.39623543819897,   386.07147573954057,   377.97064419033086,   369.05023596487922,   359.28785819418130,   348.69411483018422,   337.32547958849619,   325.29517747916481,   312.77743102776719,   300.00000000000000, 
  300.00000000000000,   314.17885289511128,   328.00224632999027,   341.16918416109939,   353.46571150117785,   364.77064219903798,   375.04244598938163,   384.29818281679860,   392.59241463908268,   399.99999999999642,   406.60376456179449,   412.48653398673201,   417.72649726849596,   422.39486861449791,   426.55501594743680,   430.26245761232320,   433.56532812122623,   436.50506191897466,   439.11714576349311,   441.43185621278201,   443.47493957502508,   445.26821596986707,   446.83010291027705,   448.17606110427869,   449.31896861017287,   450.26943069215343,   451.03603271002419,   451.62554272631735,   452.04306956478825,   452.29218099163535,   452.37498560915890,   452.29218099163563,   452.04306956478865,   451.62554272631792,   451.03603271002504,   450.26943069215434,   449.31896861017390,   448.17606110427988,   446.83010291027813,   445.26821596986849,   443.47493957502667,   441.43185621278388,   439.11714576349505,   436.50506191897654,   433.56532812122811,   430.26245761232508,   426.55501594743873,   422.39486861449979,   417.72649726849761,   412.48653398673383,   406.60376456179614,   399.99999999999807,   392.59241463908461,   384.29818281680031,   375.04244598938294,   364.77064219903900,   353.46571150117876,   341.16918416109996,   328.00224632999090,   314.17885289511162,   300.00000000000000, 
  300.00000000000000,   315.93573422268810,   331.36577078458606,   345.88329922473361,   359.22890481439077,   371.28655311141233,   382.05072297681227,   391.58722644840128,   399.99999999999704,   407.40758536091050,   413.92852426045374,   419.67339130944583,   424.74118923070728,   429.21834893880975,   433.17914332143556,   436.68677406381425,   439.79470221694572,   442.54799107760317,   444.98454829237681,   447.13622123034901,   449.02973562125089,   450.68748523427848,   452.12818797722292,   453.36742595836557,   454.41808648376769,   455.29071916071103,   455.99382204254948,   456.53406748115646,   456.91647623002490,   457.14454642472987,   457.22034235717570,   457.14454642473009,   456.91647623002530,   456.53406748115736,   455.99382204255022,   455.29071916071189,   454.41808648376855,   453.36742595836660,   452.12818797722383,   450.68748523427951,   449.02973562125226,   447.13622123035083,   444.98454829237858,   442.54799107760493,   439.79470221694714,   436.68677406381573,   433.17914332143715,   429.21834893881157,   424.74118923070921,   419.67339130944754,   413.92852426045522,   407.40758536091209,   399.99999999999864,   391.58722644840276,   382.05072297681352,   371.28655311141330,   359.22890481439157,   345.88329922473423,   331.36577078458635,   315.93573422268827,   300.00000000000000, 
  300.00000000000000,   318.19831321105499,   335.64180336093187,   351.76933713885819,   366.28005542023931,   379.09594245540808,   390.28666635805388,   399.99999999999756,   408.41277355159332,   415.70181718319532,   422.02935580966403,   427.53731775989036,   432.34651940607830,   436.55819458859855,   440.25643433568092,   443.51079310455236,   446.37871560513861,   448.90765188211594,   451.13683509806174,   453.09874479498694,   454.82029644535112,   456.32380136877265,   457.62773780597001,   458.74736826819299,   459.69523220582164,   460.48153742437387,   461.11446881830625,   461.60042892573421,   461.94422144942490,   462.14918612008341,   462.21729097008370,   462.14918612008398,   461.94422144942524,   461.60042892573472,   461.11446881830670,   460.48153742437449,   459.69523220582238,   458.74736826819372,   457.62773780597104,   456.32380136877390,   454.82029644535231,   453.09874479498831,   451.13683509806316,   448.90765188211753,   446.37871560514020,   443.51079310455373,   440.25643433568234,   436.55819458860026,   432.34651940607984,   427.53731775989218,   422.02935580966556,   415.70181718319662,   408.41277355159463,   399.99999999999875,   390.28666635805513,   379.09594245540882,   366.28005542023999,   351.76933713885882,   335.64180336093239,   318.19831321105534,   300.00000000000000, 
  300.00000000000000,   321.21571526060029,   341.23379230922859,   359.27219054952815,   375.02603727229996,   388.53049493192617,   399.99999999999807,   409.71333364194186,   417.94927702318296,   424.95755401061319,   430.94976403511652,   436.10000451437418,   440.54937604511656,   444.41147567382518,   447.77760632813732,   450.72124841357623,   453.30171521694064,   455.56706574766019,   457.55639542276748,   459.30162640618585,   460.82890399639388,   462.15968598949166,   463.31159360969195,   464.29907710261460,   465.13393664695201,   465.82572951265610,   466.38208688056716,   466.80895795404962,   467.11079452185709,   467.29068563609599,   467.35044928299163,   467.29068563609627,   467.11079452185743,   466.80895795405013,   466.38208688056739,   465.82572951265684,   465.13393664695258,   464.29907710261517,   463.31159360969275,   462.15968598949252,   460.82890399639530,   459.30162640618698,   457.55639542276850,   455.56706574766139,   453.30171521694200,   450.72124841357731,   447.77760632813852,   444.41147567382671,   440.54937604511804,   436.10000451437560,   430.94976403511777,   424.95755401061422,   417.94927702318404,   409.71333364194300,   399.99999999999932,   388.53049493192685,   375.02603727230041,   359.27219054952877,   341.23379230922876,   321.21571526060046,   300.00000000000000, 
  300.00000000000000,   325.43075552211735,   348.80546006585359,   369.05959547772602,   386.02140818750587,   399.99999999999864,   411.46950506807076,   420.90405754458868,   428.71344688858363,   435.22935780095753,   440.71214180581495,   445.36356021737316,   449.33950458618824,   452.76072573344896,   455.72126688946656,   458.29487900467410,   460.53983110138773,   462.50250046881672,   464.22005443916180,   465.72246141059549,   467.03400714454767,   468.17444498310772,   469.15987354069102,   470.00340988562124,   470.71570776671518,   471.30535709873163,   471.77919123725610,   472.14252148804047,   472.39931304785767,   472.55231261945210,   472.60313488968978,   472.55231261945210,   472.39931304785796,   472.14252148804070,   471.77919123725644,   471.30535709873203,   470.71570776671575,   470.00340988562198,   469.15987354069193,   468.17444498310840,   467.03400714454847,   465.72246141059634,   464.22005443916260,   462.50250046881774,   460.53983110138881,   458.29487900467518,   455.72126688946776,   452.76072573345027,   449.33950458618943,   445.36356021737453,   440.71214180581597,   435.22935780095867,   428.71344688858488,   420.90405754458953,   411.46950506807173,   399.99999999999943,   386.02140818750649,   369.05959547772659,   348.80546006585394,   325.43075552211758,   300.00000000000000, 
  300.00000000000000,   331.70184676201507,   359.49769695434270,   382.13932310801681,   399.99999999999898,   413.97859181249186,   424.97396272769748,   433.71994457975791,   440.77109518560604,   446.53428849881851,   451.30588516981283,   455.30258996311534,   458.68435634881394,   461.57065578431622,   464.05185649160580,   466.19716961426582,   468.06022971511959,   469.68305058705766,   471.09886045446706,   472.33415765248617,   473.41021818809321,   474.34421325770035,   475.15004568434375,   475.83898113246414,   476.42012743555637,   476.90079987829915,   477.28679948168508,   477.58262371299810,   477.79162356208161,   477.91611690416431,   477.95746503686337,   477.91611690416443,   477.79162356208161,   477.58262371299821,   477.28679948168548,   476.90079987829955,   476.42012743555694,   475.83898113246454,   475.15004568434432,   474.34421325770086,   473.41021818809412,   472.33415765248708,   471.09886045446791,   469.68305058705823,   468.06022971512010,   466.19716961426661,   464.05185649160654,   461.57065578431713,   458.68435634881484,   455.30258996311642,   451.30588516981345,   446.53428849881936,   440.77109518560701,   433.71994457975887,   424.97396272769834,   413.97859181249243,   399.99999999999932,   382.13932310801721,   359.49769695434293,   331.70184676201507,   300.00000000000000, 
  300.00000000000000,   341.87893457159998,   375.34415788148544,   399.99999999999955,   417.86067689198165,   430.94040452227222,   440.72780945047009,   448.23066286113976,   454.11670077526429,   458.83081583889810,   462.67452041150170,   465.85655811646143,   468.52467506163583,   470.78568456339593,   472.71833367837496,   474.38171324566429,   475.82086755776663,   477.07061170982712,   478.15817913916305,   479.10509055678921,   479.92849469763917,   480.64214417525699,   481.25711480651944,   481.78234152433475,   482.22502096474631,   482.59091549722405,   482.88458309818657,   483.10955032018512,   483.26844058330647,   483.36306639826057,   483.39449144943467,   483.36306639826051,   483.26844058330613,   483.10955032018529,   482.88458309818679,   482.59091549722444,   482.22502096474710,   481.78234152433515,   481.25711480651984,   480.64214417525761,   479.92849469763956,   479.10509055678961,   478.15817913916362,   477.07061170982746,   475.82086755776686,   474.38171324566486,   472.71833367837559,   470.78568456339679,   468.52467506163657,   465.85655811646234,   462.67452041150216,   458.83081583889856,   454.11670077526463,   448.23066286114033,   440.72780945047043,   430.94040452227244,   417.86067689198200,   399.99999999999960,   375.34415788148561,   341.87893457160021,   300.00000000000000, 
  300.00000000000000,   360.46973364289988,   399.99999999999960,   424.65584211851370,   440.50230304565622,   451.19453993414527,   458.76620769077033,   464.35819663906693,   468.63422921541252,   471.99775367000808,   474.70482252083383,   476.92444702959335,   478.77210121787209,   480.32907372925729,   481.65408041283337,   482.79048213224979,   483.77091556045519,   484.62034955532079,   485.35815383556906,   485.99953073786799,   486.55652587041709,   487.03875393916860,   487.45392784214232,   487.80824919360873,   488.10669940187154,   488.35325804766399,   488.55106709365174,   488.70255388624963,   488.80952205269824,   488.87321665613706,   488.89436796435399,   488.87321665613712,   488.80952205269824,   488.70255388624969,   488.55106709365191,   488.35325804766455,   488.10669940187228,   487.80824919360924,   487.45392784214260,   487.03875393916917,   486.55652587041772,   485.99953073786816,   485.35815383556940,   484.62034955532107,   483.77091556045525,   482.79048213225019,   481.65408041283388,   480.32907372925791,   478.77210121787260,   476.92444702959409,   474.70482252083434,   471.99775367000831,   468.63422921541280,   464.35819663906716,   458.76620769077061,   451.19453993414550,   440.50230304565639,   424.65584211851393,   399.99999999999983,   360.46973364289977,   300.00000000000000, 
  300.00000000000000,   399.99999999999994,   439.53026635709978,   458.12106542839945,   468.29815323798437,   474.56924447788225,   478.78428473939920,   481.80168678894421,   484.06426577731105,   485.82114710488776,   487.22256897223212,   488.36430626320674,   489.31020905100178,   490.10442872292771,   490.77843211145188,   491.35521931004627,   491.85196299648339,   492.28171711543217,   492.65455590992440,   492.97835268869630,   493.25932410699295,   493.50241786885857,   493.71159342927217,   493.89002800608694,   494.04026940146719,   494.16435019790930,   494.26387334250603,   494.34007607846371,   494.39387708509940,   494.42591020923561,   494.43654709570626,   494.42591020923567,   494.39387708509963,   494.34007607846394,   494.26387334250637,   494.16435019790953,   494.04026940146724,   493.89002800608688,   493.71159342927183,   493.50241786885857,   493.25932410699335,   492.97835268869648,   492.65455590992462,   492.28171711543251,   491.85196299648356,   491.35521931004649,   490.77843211145216,   490.10442872292793,   489.31020905100178,   488.36430626320708,   487.22256897223247,   485.82114710488804,   484.06426577731105,   481.80168678894438,   478.78428473939931,   474.56924447788248,   468.29815323798454,   458.12106542839956,   439.53026635709983,   400.00000000000000,   300.00000000000000, 
  300.00000000000000,   500.00000000000000,   500.00000000000000,   500.00000000000000,   500.00000000000000,   500.00000000000000,   500.00000000000000,   500.00000000000000,   500.00000000000000,   500.00000000000000,   500.00000000000000,   500.00000000000000,   500.00000000000000,   500.00000000000000,   500.00000000000000,   500.00000000000000,   500.00000000000000,   500.00000000000000,   500.00000000000000,   500.00000000000000,   500.00000000000000,   500.00000000000000,   500.00000000000000,   500.00000000000000,   500.00000000000000,   500.00000000000000,   500.00000000000000,   500.00000000000000,   500.00000000000000,   500.00000000000000,   500.00000000000000,   500.00000000000000,   500.00000000000000,   500.00000000000000,   500.00000000000000,   500.00000000000000,   500.00000000000000,   500.00000000000000,   500.00000000000000,   500.00000000000000,   500.00000000000000,   500.00000000000000,   500.00000000000000,   500.00000000000000,   500.00000000000000,   500.00000000000000,   500.00000000000000,   500.00000000000000,   500.00000000000000,   500.00000000000000,   500.00000000000000,   500.00000000000000,   500.00000000000000,   500.00000000000000,   500.00000000000000,   500.00000000000000,   500.00000000000000,   500.00000000000000,   500.00000000000000,   500.00000000000000,   300.00000000000000, 
